{
  "vertices": [
    -0.4178170200092213,
    0.42287605632094505,
    0.0012010578930661813,
    -0.42123839124055296,
    0.4342750001218321,
    -0.005192485813019926,
    -0.4196589506177161,
    0.4340536518354472,
    0.00150547725458852,
    -0.4185600690308969,
    0.423092419655893,
    -0.005496415515516894,
    -0.42056748071426636,
    0.43473054329384003,
    -0.021961437881773516,
    -0.4181984365746801,
    0.42354843809284315,
    -0.02226138644158088,
    -0.41808775942014526,
    0.44588762488314143,
    -0.0216439796748326,
    -0.41844962767419314,
    0.4454303347720139,
    -0.0048690424433262686,
    -0.41770687116799704,
    0.4452124756218694,
    0.0018227145877681545
  ],
  "normals": [
    -0.9579454158154014,
    0.17364262942670933,
    0.1838144482390122,
    -0.9651648982021198,
    0.24000427142638198,
    0.07648465005292987,
    -0.9619843290683592,
    0.3077860882908766,
    0.18864791496410074,
    -0.9730789632658448,
    0.11631458226107982,
    -0.0013299952632454715,
    -0.9750959397043779,
    0.15654168873107724,
    -0.034987242482856167,
    -0.9780719600945652,
    0.023450654977609786,
    -0.0267016415197042,
    -0.9723856758901837,
    0.30636548294386157,
    -0.030844671814451226,
    -0.9639729976158591,
    0.3490702261040771,
    0.13791688382507442,
    -0.9791462452366847,
    0.3980644052614736,
    0.11413804343429736
  ],
  "polygons": [
    0.0,
    2.0,
    1.0,
    1.0,
    3.0,
    0.0,
    3.0,
    1.0,
    4.0,
    4.0,
    5.0,
    3.0,
    6.0,
    4.0,
    1.0,
    1.0,
    7.0,
    6.0,
    7.0,
    1.0,
    2.0,
    2.0,
    8.0,
    7.0
  ],
  "uv": [
    0.605469,
    0.123047,
    0.800781,
    0.255859,
    0.800781,
    0.123047,
    0.605469,
    0.257813,
    0.802734,
    0.574219,
    0.607422,
    0.576172,
    0.996094,
    0.574219,
    0.996094,
    0.255859,
    0.994141,
    0.123047
  ]
}
