{
  "vertices": [
    0.4272356989748198,0.430012058705304,-0.0022259624818007835,0.42365492592093285,0.4186483154453754,0.004143366953782175,0.4256074529745072,0.42980712604892474,0.004459710152184159,0.42444693540845996,0.4188567240551223,-0.0025494058514944455,0.4266869557840556,0.4304731559885571,-0.018999382473143252,0.4242072344899346,0.41931607439925567,-0.019316840680084112,0.42431746404061405,0.4416552743724268,-0.018698539778558156,0.4245563658173684,0.44119548127942276,-0.0019225512755611568,0.42376552236601245,0.44098472156342694,0.0047641295137064695
  ],
  "normals": [
    0.9646570545042917,0.23031143768402637,0.0832336609772335,0.963858646425455,0.010178691459460792,0.09865819407132287,0.964131581589247,0.339386827994722,0.14465937739987672,0.9699005813739181,-0.003918457564450306,0.016051223012724138,0.9718724160921025,0.10654450196454877,0.005469352623285883,0.9761096911326959,0.013632305252366972,-0.019870820074373262,0.9654568457884843,0.4504439220513451,0.06780870577684806,0.9661808635874236,0.4338741242623921,0.11689583647787824,0.9799637133288339,0.3882229180789165,0.1209847846078391
  ],
  "polygons": [
    0.0,2.0,1.0,1.0,3.0,0.0,4.0,0.0,3.0,3.0,5.0,4.0,0.0,4.0,6.0,6.0,7.0,0.0,2.0,0.0,7.0,7.0,8.0,2.0
  ],
  "uv": [
    0.800781,0.255859,0.605469,0.123047,0.800781,0.123047,0.605469,0.257813,0.802734,0.574219,0.607422,0.576172,0.996094,0.574219,0.996094,0.255859,0.994141,0.123047
  ]
}
