{
  "vertices": [
    0.3885875431067548,0.08730535225743602,-0.6129965289265277,0.3751159152157418,0.08732434256107949,-0.6020274923587862,0.37516905378374965,0.08634831763598086,-0.6136357514478219,0.388540590937405,0.08815977452638032,-0.602835062764102,0.3927248586304238,0.17131404956052543,-0.6350520378815601,0.37491233992832573,0.11189170151753006,-0.6307949557159762,0.37419539695710985,0.17100520356559973,-0.6357698122253528,0.39344228821154575,0.1121534254514127,-0.6300728878219214,0.39106345237385554,0.09628028388453638,-0.6231997880739746,0.3750900205863235,0.09563757735910389,-0.6238812255334885,0.3932902742029983,0.11564657989286378,-0.5993158824800585,0.3744270043193531,0.1438041757321836,-0.605749443137757,0.39218158272676845,0.14395816922018959,-0.6064797718860577,0.39258271845978215,0.17388382206237002,-0.6039711525141731,0.3872378847503678,0.19854247187477433,-0.6223570160660413,0.3737486568773497,0.2000318059738173,-0.6115124139547963,0.38719136762715756,0.1993969798664801,-0.6121964517830224,0.37380182056078887,0.19905558323745012,-0.6231206575545732,0.37396094348021064,0.18851616848454156,-0.6310946636903051,0.38994411961745146,0.18838972884158675,-0.6303545089479538,0.3993602726552925,0.11957607732728327,-0.6046325835805565,0.3897459234913017,0.09555596706451533,-0.6140313519789872,0.39946973856866225,0.11696417258471087,-0.6264162908176072,0.38971308011841854,0.09616406860417304,-0.6068318974725454,0.39916995848022596,0.14216140260095028,-0.630156615750992,0.3984130107993849,0.14374516008128152,-0.6100474451029526,0.3885964225816034,0.19029672558696267,-0.6219736405345558,0.3987579201636129,0.169174255220616,-0.6086168394881368,0.3988584054950992,0.16735118335803242,-0.6306403526604717,0.3885635540932888,0.19090502493788897,-0.6147742015173727,0.3910300216516456,0.11685891024710467,-0.6264456624179108,0.39092055573827583,0.1194708149896771,-0.60466195518086,0.390318165573449,0.16906928959991266,-0.6086462343223281,0.3904186509049354,0.16724621773732906,-0.6306697474946631
  ],
  "normals": [
    0.3278454487720304,-0.37575154519075815,-0.28381355243639234,-0.009416141601766834,-0.28645069682877755,0.5312147725952335,0.07573124930228924,-0.636034938135499,-0.29286700273973626,0.3732600077171733,-0.20503745189455055,0.3636651542945409,0.5164092303050116,0.2745994316562354,-0.4872880433104902,0.04685850391854147,-0.11314329250877861,-0.8952837520701192,0.03982100041015394,0.37832014000419445,-0.9743220753818888,0.6139683755608735,0.11585259479766788,-0.3711684252273041,0.42461244768115564,-0.1465918112648206,-0.47955999495631363,0.06587977336341422,-0.39824607413788693,-0.746669168929532,0.4825768642430698,0.18224334638003753,0.5034630639931285,-0.10322024097058856,0.3097694816281679,0.9739422434112338,0.6155674591657491,0.2705603090219892,0.4006947000011785,0.47838678778456434,0.37533510235497936,0.4860484651738795,0.3576001656262996,0.8393008263063316,-0.2871223991705707,-0.02600591045115461,0.8312719914541218,0.4354065759877785,0.3616868924052028,0.7355780043006299,0.28326107340732415,0.0554788449910639,1.029105421297681,-0.43931851223128904,0.051999388688802904,0.7252789547257269,-0.8465368885605529,0.41576521824296647,0.5401077403147772,-0.5368441182859706,0.6909055775798847,0.16386531333209736,0.3563515962776711,0.6173913887487427,-0.1952869299697931,-0.2586307304570888,0.48366784567906024,-0.026633068779362085,-0.44953988653518173,0.305286913579241,0.09793067196866531,0.6763775078930501,0.5292968486001328,0.21061669539454875,-0.36984822715094956,0.7660873620263077,0.3284359002636994,0.2901117317312386,0.5639480716563525,0.44808572607173824,-0.39759069241098216,0.5613334095702818,0.4369115892059583,0.3811101162258976,0.5075328779160224,0.3315118881771335,-0.40292644296019253,0.45074866559916427,0.5734754399837059,0.4659206395166161,-0.06764069390912526,0.14928288851410265,-0.9438243238402303,-0.0034415205743223974,0.2237307020370729,0.9962437786061193,0.13546251030837939,0.3068491059943427,0.9300638680430674,0.001744300354545268,0.3647100906449947,-0.9660781931462332
  ],
  "polygons": [
    2.0,0.0,1.0,3.0,1.0,0.0,6.0,4.0,5.0,7.0,5.0,4.0,9.0,5.0,8.0,7.0,8.0,5.0,7.0,10.0,8.0,8.0,10.0,0.0,0.0,10.0,3.0,3.0,10.0,1.0,1.0,10.0,11.0,11.0,10.0,12.0,13.0,12.0,4.0,4.0,12.0,7.0,7.0,12.0,10.0,16.0,14.0,15.0,17.0,15.0,14.0,19.0,18.0,14.0,17.0,14.0,18.0,16.0,13.0,14.0,14.0,13.0,19.0,19.0,13.0,4.0,12.0,13.0,11.0,11.0,13.0,15.0,15.0,13.0,16.0,22.0,20.0,21.0,23.0,21.0,20.0,25.0,20.0,24.0,22.0,24.0,20.0,28.0,26.0,27.0,29.0,27.0,26.0,24.0,28.0,25.0,27.0,25.0,28.0,30.0,22.0,21.0,31.0,23.0,20.0,27.0,32.0,25.0,25.0,32.0,20.0,20.0,32.0,31.0,22.0,30.0,24.0,24.0,30.0,28.0,28.0,30.0,33.0,33.0,26.0,28.0,32.0,27.0,29.0,8.0,0.0,9.0,2.0,9.0,0.0,18.0,19.0,6.0,4.0,6.0,19.0
  ],
  "uv": [
    0.00585938,0.113281,0.00390625,0.177734,0.00390625,0.109375,0.00585938,0.173828,0.261719,0.0214844,0.0878906,0.0175781,0.261719,0.0175781,0.0878906,0.0214844,0.0390625,0.0546875,0.0390625,0.0507813,0.0898438,0.207031,0.173828,0.183594,0.173828,0.177734,0.261719,0.208984,0.337891,0.111328,0.339844,0.177734,0.337891,0.171875,0.339844,0.107422,0.310547,0.0546875,0.310547,0.0585938,0.101563,0.175781,0.0351563,0.109375,0.0996094,0.0449219,0.0351563,0.152344,0.173828,0.0449219,0.173828,0.15625,0.3125,0.109375,0.248047,0.177734,0.248047,0.0449219,0.3125,0.152344,0.0996094,0.0449219,0.101563,0.175781,0.248047,0.177734,0.248047,0.0449219
  ]
}