{
  "vertices": [
    -0.3756789063956328,
    0.23252705232908225,
    -0.46691010569673125,
    -0.37881436617364095,
    0.06714191629359709,
    -0.6357003109723769,
    -0.37508830191218995,
    0.23291250407198655,
    -0.635307229127442,
    -0.3794040727287301,
    0.06675651259322166,
    -0.4673027387470724
  ],
  "normals": [
    -0.9997420002858873,
    0.25247567969758494,
    -0.0034543647034560865,
    -0.9997420002858873,
    0.25247567969758494,
    -0.0034543647034560865,
    -0.9997420002858873,
    0.25247567969758494,
    -0.0034543647034560865,
    -0.9997415526820319,
    0.2524756665147121,
    -0.003455258838233735
  ],
  "polygons": [
    0.0,
    2.0,
    1.0,
    1.0,
    3.0,
    0.0
  ],
  "uv": [
    0,
    1,
    1,
    0,
    1,
    1,
    0,
    0
  ]
}