{
  "vertices": [
    0.38266016023794713,0.22871576397089546,-0.4642597965880551,0.385313196270085,0.06330200525056606,-0.6330295011848067,0.38325102530949506,0.22910129936050241,-0.6326567908016283,0.384722346372346,0.0629163982688987,-0.4646313799200669
  ],
  "normals": [
    0.9999159684810357,0.24242844527750068,0.0035357083613710557,0.9999159684810357,0.24242844527750068,0.0035357083613710557,0.9999159684810357,0.24242844527750068,0.0035357083613710557,0.9999168538516735,0.24242859222566382,0.003536149411335463
  ],
  "polygons": [
    2.0,0.0,1.0,3.0,1.0,0.0
  ],
  "uv": [
    0,1,1,0,1,1,0,0
  ]
}