{
  "vertices": [
    0.3757635000942669,
    0.06058177731331291,
    0.567024904930832,
    0.3731097263647044,
    0.22599640997759105,
    0.7357953457507052,
    0.37517234754524276,
    0.06019712999835572,
    0.7354228605392864,
    0.373700803567434,
    0.2263816507263539,
    0.5673973436744754
  ],
  "normals": [
    0.9999168538516735,
    0.24242859222566382,
    0.003536149411335463,
    0.9999168538516735,
    0.24242859222566382,
    0.003536149411335463,
    0.9999168538516735,
    0.24242859222566382,
    0.003536149411335463,
    0.9999168538516735,
    0.24242859222566382,
    0.003536149411335463
  ],
  "polygons": [
    2.0,
    0.0,
    1.0,
    3.0,
    1.0,
    0.0
  ],
  "uv": [
    1,
    0,
    0,
    1,
    0,
    0,
    1,
    1
  ]
}