{
  "vertices": [
    -0.37766285659019344,0.06436713033662497,0.5643916959457396,-0.3745279154768523,0.22975207929757796,0.7331816443360356,-0.3782531703470135,0.06398152486690104,0.7327889671806981,-0.3739375003740984,0.2301375985783712,0.5647844251055953
  ],
  "normals": [
    -0.9997415526820319,0.2524756665147121,-0.003455258838233735,-0.9997415526820319,0.2524756665147121,-0.003455258838233735,-0.9997415526820319,0.2524756665147121,-0.003455258838233735,-0.9997415526820319,0.2524756665147121,-0.003455258838233735
  ],
  "polygons": [
    0.0,2.0,1.0,1.0,3.0,0.0
  ],
  "uv": [
    1,0,0,1,0,0,1,1
  ]
}