{
  "vertices": [
    -0.33988902815005223,0.39040029113845764,-0.3230408950781822,-0.33240703551555856,0.39925094079618506,-0.37280152328817917,-0.3353352928359698,0.3953045376255047,-0.32283777421867976,-0.33688587203323683,0.3954472885736968,-0.3723313496837823,-0.33578059041869474,0.39745136736414755,-0.3932316565177554,-0.3313318640233202,0.40156712109143045,-0.3945480021089492,-0.35311782122653723,0.3776286236338813,0.045205723567382686,-0.35589423042199286,0.3717440969236622,0.04729136384703502,-0.32960872947905057,0.40023328913687917,-0.37127537484730627,-0.3328021625450381,0.3962662583651487,-0.32281075296588424,-0.33773581670148334,0.39115672374989685,-0.21418145215933335,-0.3493914905341855,0.37907271732836734,0.04260195803016874
  ],
  "normals": [
    -0.6746153542861516,0.925733193763168,0.016367559728689102,-0.6098374294546505,1.0060744745809553,0.03744572430916952,-0.48053096828025765,1.0795455954163982,0.02827989146435717,-0.6443884054791059,0.9937022144715838,0.039020377141876096,-0.6577719629068446,0.98180575562554,0.04235689606176932,-0.671161448010423,0.9699064918258613,0.04561555616781183,-0.5836460599470423,0.9740835754206377,0.00896354162893371,-0.9067045654954412,0.6513853641208105,-0.017957615751965344,-0.48135889458010733,1.0788296856886659,0.038866499859105536,-0.3548925209894425,1.1639477153701034,0.04043196431936491,-0.35003563969394136,1.1663010828549158,0.028122784957488784,-0.3437250679103886,1.168635642769952,0.028568869890807307
  ],
  "polygons": [
    0.0,2.0,1.0,1.0,3.0,0.0,1.0,5.0,4.0,4.0,3.0,1.0,6.0,2.0,0.0,0.0,7.0,6.0,2.0,9.0,8.0,8.0,1.0,2.0,10.0,9.0,2.0,10.0,2.0,6.0,10.0,6.0,11.0
  ],
  "uv": [
    0.00195313,0.957031,0.00195313,0.947266,0.00195313,0.947266,0.00195313,0.957031,0.00195313,0.957031,0.00195313,0.947266,0.00195313,0.947266,0.00195313,0.957031,0.00195313,0.957031,0.00195313,0.957031,0.00195313,0.957031,0.00195313,0.957031
  ]
}