{
  "vertices": [
    0.3146181078158153,0.4420263817518897,-0.38379310402346395,0.28834957245864584,0.4825283108874642,-0.4183794217153786,0.3162273020179331,0.4385839544400335,-0.40428256248928135,0.3406144192268381,0.3958611782115579,-0.37044876319669917,0.33972899878333773,0.3981958518915748,-0.3922017424971552,0.3117109269681542,0.44205797379908063,-0.38190377121489155,0.28620592836100395,0.4897206683443054,-0.3973862994560369,0.2849476964724821,0.48838560338697734,-0.39522285542523283,0.33781439305420785,0.3968713181284119,-0.36894185285399
  ],
  "normals": [
    0.6813432045847819,0.7284542610362891,0.33580955968000015,0.8568502669287426,0.7417414569651161,-0.051489709218084,0.7813720201988843,0.7365114682120618,0.16430616056915162,0.7593462818399751,0.7285499370971272,0.22657546474906684,0.8616272899176665,0.7371708191860722,0.01939162727225083,0.5080181187148289,0.7271301989936422,0.7010187724875758,0.6368349575142116,0.7292896520827334,0.4308362897539798,0.566105304121031,0.7426266471209267,0.6455537119447088,0.6320703767962164,0.7216954541299231,0.46346835974708994
  ],
  "polygons": [
    0.0,2.0,1.0,2.0,0.0,3.0,3.0,4.0,2.0,5.0,0.0,6.0,6.0,7.0,5.0,8.0,3.0,0.0,0.0,5.0,8.0,1.0,6.0,0.0
  ],
  "uv": [
    0.462891,0.839844,0.375,0.697266,0.376953,0.78125,0.466797,0.919922,0.378906,0.853516,0.476563,0.839844,0.464844,0.755859,0.474609,0.759766,0.476563,0.919922
  ]
}