{
  "vertices": [
    -0.2789260474882865,
    0.48537904943227883,
    -0.420362719366453,
    -0.3058559343674436,
    0.4451522072906959,
    -0.38596255406173446,
    -0.3073410688611649,
    0.44171749616850436,
    -0.40646222930410475,
    -0.33240703551555856,
    0.39925094079618506,
    -0.37280152328817917,
    -0.3313318640233202,
    0.40156712109143045,
    -0.3945480021089492,
    -0.2768720614065672,
    0.49255852228193786,
    -0.39935500724025713,
    -0.3029618669380947,
    0.4451555565076212,
    -0.3840530526877815,
    -0.2756421885986438,
    0.4912114544555318,
    -0.39718279105686477,
    -0.32960872947905057,
    0.40023328913687917,
    -0.37127537484730627
  ],
  "normals": [
    -0.8568806028741035,
    0.74217110801255,
    -0.04558367368159024,
    -0.6786641215293044,
    0.7351901220464769,
    0.33065760668782956,
    -0.855552711390971,
    0.7468582889068528,
    -0.012307282268561289,
    -0.7774473270904166,
    0.7442035712853872,
    0.15823777619873347,
    -0.8567204980607013,
    0.7456281757370311,
    0.012548602062587177,
    -0.5960829581917731,
    0.7320658667760788,
    0.5012871779257173,
    -0.5078763932813181,
    0.7322315206803933,
    0.6974761855573419,
    -0.5654181322373626,
    0.7483085635165173,
    0.6416055863430871,
    -0.5004475467289051,
    0.7282090641182656,
    0.7068978165024858
  ],
  "polygons": [
    0.0,
    2.0,
    1.0,
    3.0,
    1.0,
    2.0,
    2.0,
    4.0,
    3.0,
    5.0,
    1.0,
    6.0,
    6.0,
    7.0,
    5.0,
    1.0,
    3.0,
    8.0,
    8.0,
    6.0,
    1.0,
    1.0,
    5.0,
    0.0
  ],
  "uv": [
    0.375,
    0.695313,
    0.462891,
    0.839844,
    0.376953,
    0.78125,
    0.466797,
    0.919922,
    0.378906,
    0.853516,
    0.464844,
    0.755859,
    0.476563,
    0.839844,
    0.474609,
    0.759766,
    0.476563,
    0.919922
  ]
}