{
  "vertices": [
    0.3406144192268381,0.3958611782115579,-0.37044876319669917,0.3476581397385737,0.38693770326546856,-0.32063811428264594,0.34315236231180496,0.3918873822769571,-0.3204659415099675,0.345051298739584,0.3920120909488163,-0.36994693012368063,0.3441265371287688,0.39403484933119504,-0.3908549555084385,0.33972899878333773,0.3981958518915748,-0.3922017424971552,0.35819097798837485,0.37405031163830516,0.0476927459862998,0.36090140619394484,0.3681427469291922,0.04979765996081112,0.33781439305420785,0.3968713181284119,-0.36894185285399,0.3406293744108961,0.39287401645549547,-0.3204573363018246,0.3447522089632317,0.38771879233151985,-0.21179546593100113,0.3544979265912165,0.3755315774555511,0.045062771802661127
  ],
  "normals": [
    0.617284140463001,0.9999303884902843,0.042051676756746384,0.6802694816614141,0.9198092612776678,0.016139149471682285,0.4887245994368352,1.074716482478795,0.03166773689350979,0.6517033226241192,0.9871993134219134,0.04394959060180176,0.6648652468575906,0.975213234674161,0.04777489643598464,0.6780720169547274,0.963215609094008,0.05112177932007671,0.5907185741784701,0.9685525633732686,0.013071481986728495,0.9104333953410626,0.6434938579684237,-0.011568210411877238,0.3643936007434345,1.159979394150204,0.04707140519736236,0.3639568431052245,1.1603400330810825,0.04294646927943586,0.436071071442764,1.1102794848754824,0.02994904224036298,0.3529474504520235,1.1651298740185565,0.030976248763449513
  ],
  "polygons": [
    0.0,2.0,1.0,1.0,3.0,0.0,4.0,5.0,0.0,0.0,3.0,4.0,1.0,2.0,6.0,6.0,7.0,1.0,8.0,9.0,2.0,2.0,0.0,8.0,10.0,11.0,6.0,10.0,6.0,2.0,10.0,2.0,9.0
  ],
  "uv": [
    0.00195313,0.947266,0.00195313,0.957031,0.00195313,0.947266,0.00195313,0.957031,0.00195313,0.957031,0.00195313,0.947266,0.00195313,0.947266,0.00195313,0.957031,0.00195313,0.957031,0.00195313,0.957031,0.00195313,0.957031,0.00195313,0.957031
  ]
}