{
  "vertices": [
    0.3817714772758242,0.05114837088614402,0.47676060823847594,-0.3814409219090663,0.055905752168633166,0.43487818833732605,-0.3829336145554871,0.05499086583808166,0.47408695945636903,0.3805630136752943,0.05207740870693092,0.4375415092501801,-0.3749054115470408,0.0558388771541278,0.25857725172313706,0.3752596100630743,0.05206935173777946,0.2612001772407752,0.3727429355999249,0.05141162622009218,-0.28141444261444937,-0.36776516032866774,0.05343296401026523,-0.37157861879738957,-0.3686024164320313,0.05513664796173537,-0.28400593574376326,0.3725012211438231,0.04971324454797152,-0.3689905046680581,0.37327764740086544,0.0519995622299283,0.03651367681435849,-0.3713532781575999,0.05574022308595597,0.033910058504459856,0.37523543539667653,0.052100106783061345,0.17921373856825645,-0.3743077767198897,0.05586585558941684,0.17659313273794947,-0.25366892246365674,0.05492777508711447,0.4737371310392353,0.25352757061825115,0.054976021048463414,0.8179553376723266,0.2546345918922393,0.05296048925690025,0.47611210536913157,-0.2570455382096756,0.057540501211125916,0.8161700373386515,0.17458282304458006,0.0639575181791375,-0.7289248529380584,0.2571354758821392,0.0539699220100994,-0.36765543477862495,0.25841688721216,0.06293797838276954,-0.7292996389566262,-0.25237480102334464,0.056529140889613305,-0.36943648852118727,-0.16720238401677237,0.06567519348779174,-0.7301193263795611,-0.2510373295608037,0.06549805355966073,-0.7310806016133875,-0.08222208358253306,0.06532228322349784,-0.7298227687767532,0.0036904258395793373,0.06481653480461688,-0.729521429811068,0.08960405403528687,0.0644586192826409,-0.7292217103941849
  ],
  "normals": [
    -0.004941093227710066,-0.7697110122423134,-0.023513445339296647,-0.004968258023115899,-0.7698033752698077,-0.015610432595093177,-0.004940342138228864,-0.7697108613392885,-0.023512736048898954,-0.0049964785267026255,-0.7698948948708348,-0.007707848933669198,-0.0050247454257488664,-0.7699869791032409,0.000006828689962317993,-0.005023861690185062,-0.7699873981047437,-0.00018072571134351463,-0.0050711847014581245,-0.7698611422351488,0.013555462533962968,-0.005090847814391523,-0.7697988491044638,0.019405718718050913,-0.005050663074118274,-0.7699232876266983,0.007705701047926088,-0.0050907403894662594,-0.7697988522683533,0.019405504125704267,-0.005029483734073292,-0.769986358573439,0.0014944242603297919,-0.005028102036196386,-0.7699861470694944,0.001133344093224129,-0.0050256395221421005,-0.7699872724176858,0.0003918977805918502,-0.005023888433255537,-0.769987470628741,0.000012074065692332977,-0.004473632827162291,-0.769966719877685,0.0067318808848199,-0.004473632827162291,-0.769966719877685,0.0067318808848199,-0.0038973592589142563,-0.7699752874700998,0.005881735243827175,-0.005050791766048106,-0.7699582992334333,0.007581585475848226,-0.009035424479359217,-0.76962675206273,-0.025573033323313198,-0.006766636246159006,-0.769627890837943,-0.026193260431784916,-0.012268559693368732,-0.7696164022966626,-0.02483388326393817,-0.003094569044686813,-0.7696469773376418,-0.026180417791815413,-0.0008306047406571006,-0.769667631316574,-0.025544236934484932,0.002396727437880805,-0.7696896197736469,-0.024782767619851036,-0.004923307107819144,-0.7696307602594346,-0.026713854144931225,-0.004928377705280323,-0.7696250242967292,-0.026916446908309417,-0.004934649987788418,-0.7696301857140162,-0.02671394886327264
  ],
  "polygons": [
    0.0,2.0,1.0,1.0,3.0,0.0,4.0,5.0,3.0,3.0,1.0,4.0,6.0,8.0,7.0,7.0,9.0,6.0,10.0,11.0,8.0,8.0,6.0,10.0,12.0,13.0,11.0,11.0,10.0,12.0,13.0,12.0,5.0,5.0,4.0,13.0,14.0,16.0,15.0,15.0,17.0,14.0,18.0,20.0,19.0,21.0,23.0,22.0,21.0,22.0,24.0,21.0,24.0,25.0,19.0,21.0,25.0,19.0,25.0,26.0,18.0,19.0,26.0
  ],
  "uv": [
    0.224609,0,0.25,0.998047,0.224609,1,0.25,0.00195313,0.363281,0.990234,0.363281,0.00976563,0.710938,0.015625,0.767578,0.984375,0.710938,0.984375,0.767578,0.015625,0.507813,0.0136719,0.507813,0.986328,0.416016,0.00976563,0.416016,0.990234,0.224609,0.830078,0.00390625,0.166016,0.224609,0.166016,0.00390625,0.833984,1,0.277344,0.767578,0.167969,1,0.167969,0.767578,0.832031,1,0.722656,1,0.832031,1,0.611328,1,0.5,1,0.388672
  ]
}