{
  "vertices": [
    0.31133015138830683,
    0.1368269807460871,
    0.955450970628065,
    0.28512933475987223,
    0.16281193847666459,
    0.9687351615233828,
    0.3114589978580684,
    0.1626956534913826,
    0.9604789025074798,
    0.28487616538130417,
    0.13701243306613475,
    0.9637591689753782,
    -0.2886156620165174,
    0.16569487881057426,
    0.9667293364831965,
    -0.31498348515550856,
    0.13997415192560222,
    0.9532612704594661,
    -0.31488740522354425,
    0.1658417280862881,
    0.9582895915726997,
    -0.28858777726953927,
    0.13989372054887417,
    0.9617542640419557,
    -0.035898662543290716,
    0.26421783854469344,
    0.9695748667832071,
    0.03297236396247939,
    0.20381887253608189,
    1.0062104721602456,
    -0.03632783212473937,
    0.20416740150959028,
    1.0059681937508462,
    0.03340102315149396,
    0.2638698172822293,
    0.9698180006042382,
    0.1266896514678368,
    0.06864962980014619,
    0.9988537939131105,
    0.28891477955652667,
    0.1722957026401774,
    0.967542227752232,
    0.30609374346767065,
    0.06836385692406724,
    0.9219914783184158,
    0.13364918499713324,
    0.16839437428944015,
    1.0244743069801832,
    0.13364918499713324,
    0.16839437428944015,
    1.0244743069801832,
    -0.0024562623526312617,
    0.07058537189992606,
    1.0370910633893609,
    -0.00207661163109972,
    0.16285560642732766,
    1.0610791095913328,
    0.1266896514678368,
    0.06864962980014619,
    0.9988537939131105,
    -0.3102004279583435,
    0.0714604114629386,
    0.9198369165739617,
    -0.13748026309768221,
    0.16975620187842805,
    1.0235264196352658,
    -0.13134458024024756,
    0.06994678886053687,
    0.9979521209176668,
    -0.2922969631354973,
    0.1752160522636505,
    0.9655099666304313,
    -0.13134458024024756,
    0.06994678886053687,
    0.9979521209176668,
    -0.13748026309768221,
    0.16975620187842805,
    1.0235264196352658
  ],
  "normals": [
    0.2933516165154111,
    0.04618106604008895,
    0.9381656961430838,
    0.2933516165154111,
    0.04618106604008895,
    0.9381656961430838,
    0.2933544690768645,
    0.04618347181439103,
    0.9381659702656133,
    0.29334964932459534,
    0.046178807213949985,
    0.9381658630705184,
    -0.30173549520458864,
    0.04916833300237028,
    0.9360858461858612,
    -0.30173549520458864,
    0.04916833300237028,
    0.9360858461858612,
    -0.30173751710017943,
    0.04917001721872963,
    0.9360848091933468,
    -0.30173391107578046,
    0.049166488654974944,
    0.9360855479936337,
    -0.0003862591504134594,
    0.7482869990548366,
    0.855206190847915,
    -0.0003862591504134594,
    0.7482869990548366,
    0.855206190847915,
    -0.00038549935693324997,
    0.7482881350593424,
    0.8552065544515867,
    -0.0003862591504134594,
    0.7482869990548366,
    0.855206190847915,
    0.3555493663558661,
    -0.05816437223698781,
    0.8882196747444885,
    0.3555493663558661,
    -0.05816437223698781,
    0.8882196747444885,
    0.37265561571018335,
    -0.09014303238995383,
    0.8709967609129377,
    0.3384423572080685,
    -0.02618684808852781,
    0.9054422249723678,
    0.08388085548205447,
    -0.017137859152474372,
    0.9301957624818178,
    0.08388085548205447,
    -0.017137859152474372,
    0.9301957624818178,
    -0.09654223590874626,
    -0.016257999800618678,
    0.930470139061936,
    0.2707980726784978,
    -0.02717142932065228,
    0.9276482028224836,
    -0.36538506910959,
    -0.059845712700507786,
    0.883402875408839,
    -0.36538506910959,
    -0.059845712700507786,
    0.883402875408839,
    -0.3892109153051349,
    -0.021021551339700822,
    0.8862857130637124,
    -0.34155876645648353,
    -0.09866988577470612,
    0.8805191480296877,
    -0.09654223590874626,
    -0.016257999800618678,
    0.930470139061936,
    -0.27046943075262875,
    -0.0245315573687587,
    0.928472214662767
  ],
  "polygons": [
    0.0,
    2.0,
    1.0,
    1.0,
    3.0,
    0.0,
    4.0,
    6.0,
    5.0,
    5.0,
    7.0,
    4.0,
    8.0,
    10.0,
    9.0,
    9.0,
    11.0,
    8.0,
    12.0,
    14.0,
    13.0,
    13.0,
    15.0,
    12.0,
    16.0,
    18.0,
    17.0,
    17.0,
    19.0,
    16.0,
    20.0,
    22.0,
    21.0,
    21.0,
    23.0,
    20.0,
    18.0,
    25.0,
    24.0,
    24.0,
    17.0,
    18.0
  ],
  "uv": [
    0.339844,
    0.675781,
    0.277344,
    0.544922,
    0.339844,
    0.544922,
    0.277344,
    0.675781,
    0.277344,
    0.544922,
    0.339844,
    0.675781,
    0.339844,
    0.544922,
    0.277344,
    0.675781,
    0.111328,
    0.996094,
    0.259766,
    0.693359,
    0.111328,
    0.693359,
    0.259766,
    0.996094,
    0.333984,
    0.683594,
    0.0332031,
    0.943359,
    0.0078125,
    0.683594,
    0.335938,
    0.943359,
    0.261719,
    0.943359,
    0.00585938,
    0.683594,
    0.0078125,
    0.943359,
    0.257813,
    0.683594,
    0.0078125,
    0.683594,
    0.335938,
    0.943359,
    0.333984,
    0.683594,
    0.0332031,
    0.943359,
    0.257813,
    0.683594,
    0.261719,
    0.943359
  ]
}