{
  "vertices": [
    0.21432673826003434,0.25737670936636914,0.9184651668551032,0.07484825403024578,0.21173010122053948,0.9693978084460487,0.0812041502687343,0.2579060462727068,0.9785196905733727,0.21412571924816245,0.21117006315011982,0.9095114377943578,-0.21671738420244469,0.21333446318351987,0.9080054376267394,-0.08381870725675347,0.25873504100831923,0.9779428247823166,-0.07786460257253604,0.21249743826433717,0.9688643552340346,-0.21651641542143585,0.25954150502230633,0.9169591357089676
  ],
  "normals": [
    0.39379127114709167,0.02639098680913035,0.8959115145452691,0.39379127114709167,0.02639098680913035,0.8959115145452691,0.3994029944240242,-0.00026729843892522864,0.8873862469543699,0.3881794222930017,0.0530502611135287,0.9044367046898755,-0.40223471994579485,0.03139857926923603,0.8932706185526605,-0.40223471994579485,0.03139857926923603,0.8932706185526605,-0.3922217944461086,0.004391600733393702,0.8917751545427995,-0.41224754642944256,0.05840456434029059,0.8947661467773151
  ],
  "polygons": [
    0.0,2.0,1.0,1.0,3.0,0.0,4.0,6.0,5.0,5.0,7.0,4.0
  ],
  "uv": [
    0.724609,0.283203,0.724609,0.283203,0.724609,0.283203,0.724609,0.283203,0.724609,0.283203,0.724609,0.283203,0.724609,0.283203,0.724609,0.283203
  ]
}