{
  "vertices": [
    -0.0378942907382675,0.204295606541866,1.02873898567563,-0.03744650447062434,0.26609390596164506,0.989599194742593,-0.0015450486889333898,0.23563667082611225,1.0136181059981881,0.03482809787103017,0.2657306605765276,0.9898521535453766,0.03438585487176718,0.2049818925627444,1.0289848374393695
  ],
  "normals": [
    -0.05856453075770096,0.7168612693052311,0.8683255359723274,-0.054754096328201184,0.8059425084827464,0.8121686983649908,-0.0038492766246655485,0.7628646110250932,0.8395818855123918,0.050866425112225035,0.8088679395620824,0.8108373409176787,0.04705599068272533,0.7197867003845669,0.8669941785250149
  ],
  "polygons": [
    0.0,2.0,1.0,3.0,2.0,4.0,2.0,0.0,4.0,1.0,2.0,3.0
  ],
  "uv": [
    1.00113,0.998943,1.00113,0.00458503,0.503874,0.500101,0.00661957,0.00458503,0.00661957,0.998943
  ]
}