{
  "vertices": [
    0.09937965254357356,0.3505003142883896,0.3613115835189552,0.30469801430708987,0.3268593233879648,0.44379237757764445,0.09875153025862826,0.3277436285451549,0.5083429392190875,-0.09674759087581836,0.3514858764141097,0.3606256658803608,-0.3028647011753626,0.3299116749166978,0.4416689253098444,-0.3022873599375231,0.3526351481938855,0.30918091180837315,-0.0973761356491874,0.32872900604247934,0.5076579312045294,0.30527536318410875,0.3495827844164726,0.3113054864805624
  ],
  "normals": [
    0.04881347657709128,1.2157048780452395,0.16101227894256212,0.04881347657709128,1.2157048780452395,0.16101227894256212,0.05218022379383895,1.216853760997104,0.15296184099537954,-0.04003122204298077,1.2161518147011778,0.16070122792723,-0.04003122204298077,1.2161518147011778,0.16070122792723,-0.03673245697494953,1.214970425622095,0.16877508238899483,-0.043329101740374215,1.2173333507284234,0.15262781451542937,0.04544748915382388,1.2145571310978809,0.16906308049341626
  ],
  "polygons": [
    0.0,2.0,1.0,3.0,5.0,4.0,4.0,6.0,3.0,1.0,7.0,0.0
  ],
  "uv": [
    0.724609,0.283203,0.724609,0.283203,0.724609,0.283203,0.724609,0.283203,0.724609,0.283203,0.724609,0.283203,0.724609,0.283203,0.724609,0.283203
  ]
}