{
  "vertices": [
    0.4076669781070467,
    0.31012660489587457,
    0.26762899207197216,
    0.40701059350286817,
    0.3037896084129874,
    0.20176877509830984,
    0.4090792168563715,
    0.30017974751289744,
    0.2673893768142789,
    0.4051483230147126,
    0.31373024115799963,
    0.20198653248494677
  ],
  "normals": [
    0.9860705983049083,
    0.39285378657171843,
    -0.025496021377728124,
    0.9860705983049083,
    0.39285378657171843,
    -0.025496021377728124,
    0.9897253691623804,
    0.37104958644363084,
    -0.023434440092966826,
    0.982415827447436,
    0.4146579866998061,
    -0.02755760266248926
  ],
  "polygons": [
    0.0,
    2.0,
    1.0,
    1.0,
    3.0,
    0.0
  ],
  "uv": [
    0.00585938,
    0.583984,
    1,
    0.765625,
    0.00585938,
    0.765625,
    1,
    0.583984
  ]
}