{
  "vertices": [
    -0.4037094393267621,
    0.3078627423618865,
    0.19893502128692253,
    -0.4047623344190933,
    0.3142080878696737,
    0.2647887065316479,
    -0.40627293651169,
    0.30427636676491604,
    0.2645390543432852,
    -0.40174957327101607,
    0.3177843168253759,
    0.1991659134889784
  ],
  "normals": [
    -0.9841828087252834,
    0.4027504737759997,
    -0.032385908382811655,
    -0.9841828087252834,
    0.4027504737759997,
    -0.032385908382811655,
    -0.9880705860026358,
    0.38098072767732377,
    -0.030349522210965086,
    -0.9802945936811487,
    0.4245203800057116,
    -0.034420959369916224
  ],
  "polygons": [
    0.0,
    2.0,
    1.0,
    1.0,
    3.0,
    0.0
  ],
  "uv": [
    0.00585938,
    0.765625,
    1,
    0.583984,
    1,
    0.765625,
    0.00585938,
    0.583984
  ]
}