{
  "vertices": [
    -0.379149221181685,
    0.408313946763806,
    -0.01178263765477604,
    -0.4172715356481255,
    0.42587005026413866,
    -0.019694347369333468,
    -0.401369350039308,
    0.4120253159777395,
    -0.01644272017641608,
    -0.401608450919394,
    0.45624412370339185,
    -0.016159712948713427,
    -0.4171940700572468,
    0.44252000535490854,
    -0.01955210968945915,
    -0.3789088492792073,
    0.4597651774520517,
    -0.011343871186790281,
    -0.3407884492373027,
    0.4419497847389118,
    -0.0034348889436845325,
    -0.3562438738901685,
    0.45590524041850783,
    -0.006590879212113595,
    -0.34086591482818146,
    0.42529982964814184,
    -0.0035771266235588997,
    -0.35689602908811663,
    0.41169303057998985,
    -0.007061796182119596
  ],
  "normals": [
    0.20644484388747392,
    0.23737343768146826,
    -0.9784304524622454,
    0.20644397107455187,
    0.23737319182767086,
    -0.9784308857675803,
    0.206444171998004,
    0.23737160933752238,
    -0.9784307618535117,
    0.20644380782424704,
    0.23737447760091648,
    -0.9784309864477612,
    0.20644238694574368,
    0.23737503617506617,
    -0.9784305875753528,
    0.20644489411833694,
    0.23737304205893114,
    -0.9784304214837282,
    0.20644491923376845,
    0.23737284424766258,
    -0.9784304059944696,
    0.20644495690691572,
    0.23737254753075976,
    -0.9784303827605818,
    0.2064447057526006,
    0.23737452564344533,
    -0.9784305376531675,
    0.20644363201622645,
    0.23737586227979637,
    -0.9784310948725711
  ],
  "polygons": [
    0.0,
    2.0,
    1.0,
    1.0,
    4.0,
    3.0,
    1.0,
    3.0,
    5.0,
    5.0,
    7.0,
    6.0,
    1.0,
    5.0,
    6.0,
    0.0,
    1.0,
    6.0,
    8.0,
    0.0,
    6.0,
    8.0,
    9.0,
    0.0
  ],
  "uv": [
    0.470703,
    0.375,
    0.5,
    0.513672,
    0.476563,
    0.457031,
    0.554688,
    0.457031,
    0.529297,
    0.513672,
    0.560547,
    0.375,
    0.529297,
    0.236328,
    0.554688,
    0.292969,
    0.5,
    0.236328,
    0.476563,
    0.294922
  ]
}