{
  "vertices": [
    0.4079043293437704,
    0.4521770374125774,
    -0.013330545278729993,
    0.42328658921843587,
    0.4216463313276031,
    -0.016755486168901466,
    0.42337438674148853,
    0.4382965539811341,
    -0.01661367226694295,
    0.3852084704024619,
    0.4559257205753321,
    -0.008672603623716503,
    0.34685650611901253,
    0.4384946161590316,
    -0.0010313563152563583,
    0.3849350808078717,
    0.4044753714151624,
    -0.009111135750469271,
    0.40722371391835127,
    0.4079625454901049,
    -0.013616600658498524,
    0.34676737562146676,
    0.42184425974021034,
    -0.001172717132401609,
    0.3626849684084673,
    0.4080781963751555,
    -0.004546646784383769,
    0.3624728595986463,
    0.4522946695106259,
    -0.004078977763579539
  ],
  "normals": [
    -0.1995147790191131,
    0.23941278651352266,
    -0.9798496756028474,
    -0.1995147790191131,
    0.23941278651352266,
    -0.9798496756028474,
    -0.1995161119936062,
    0.23941265274823237,
    -0.979849222518034,
    -0.1995147790191131,
    0.23941278651352266,
    -0.9798496756028474,
    -0.1995147790191131,
    0.23941278651352266,
    -0.9798496756028474,
    -0.1995147790191131,
    0.23941278651352266,
    -0.9798496756028474,
    -0.19951490459627066,
    0.23941377556986548,
    -0.9798497530491403,
    -0.19951465344195557,
    0.2394117974571799,
    -0.9798495981565546,
    -0.1995157352621335,
    0.239409685579204,
    -0.9798489901791554,
    -0.19951465344195557,
    0.2394117974571799,
    -0.9798495981565546
  ],
  "polygons": [
    0.0,
    2.0,
    1.0,
    3.0,
    0.0,
    1.0,
    4.0,
    3.0,
    1.0,
    1.0,
    6.0,
    5.0,
    4.0,
    1.0,
    5.0,
    5.0,
    8.0,
    7.0,
    4.0,
    5.0,
    7.0,
    4.0,
    9.0,
    3.0
  ],
  "uv": [
    0.554688,
    0.457031,
    0.5,
    0.513672,
    0.529297,
    0.513672,
    0.560547,
    0.375,
    0.529297,
    0.236328,
    0.470703,
    0.375,
    0.476563,
    0.457031,
    0.5,
    0.236328,
    0.476563,
    0.294922,
    0.554688,
    0.292969
  ]
}