{
  "vertices": [
    0.2338460669860478,
    0.3798599957251265,
    -0.9277305030158165,
    0.20493918931526198,
    0.37111897437412866,
    -0.9426998325287784,
    0.23374073401832055,
    0.3672051853141915,
    -0.9292295171682519,
    0.20499801080468633,
    0.38370540832706157,
    -0.9407332348625438,
    0.17612465061491794,
    0.3746308591991142,
    -0.9527338850731101,
    0.17613610155199605,
    0.3871500622526377,
    -0.9503482420191965
  ],
  "normals": [
    0.42752413160524716,
    0.35027914103420177,
    -0.8957745466469017,
    0.39868700312796174,
    0.35804842786605995,
    -0.9068590404491125,
    0.43281849813930906,
    0.33252476708211043,
    -0.8956315787977038,
    0.3644146047477108,
    0.3826762383972606,
    -0.9174325279979135,
    0.33550714049679053,
    0.3899971143914627,
    -0.9281899695626763,
    0.33000107113419047,
    0.4064062278679731,
    -0.9273510100587424
  ],
  "polygons": [
    0.0,
    2.0,
    1.0,
    1.0,
    3.0,
    0.0,
    4.0,
    5.0,
    3.0,
    3.0,
    1.0,
    4.0
  ],
  "uv": [
    0.583984,
    0.0214844,
    0.789063,
    0.0917969,
    0.583984,
    0.0917969,
    0.789063,
    0.0214844,
    0.998047,
    0.0917969,
    0.998047,
    0.0214844
  ]
}