{
  "vertices": [
    -0.30842889720823297,0.42307658280108645,-0.4984396105960058,-0.2978556610775588,0.4401780916545964,-0.49264722407071865,-0.30842889720823297,0.42307658280108645,-0.4984396105960058,-0.3113796604325966,0.4161608375596493,-0.5266206010177295,-0.2881651595234997,0.462977263924996,-0.43091721574887065,-0.28857199568576064,0.4585255040827362,-0.46317120605462847,-0.2824634261873284,0.4720404116113314,-0.43901371381771903,-0.2964824042148263,0.44526119978620304,-0.46429169453393604,-0.27915538084775066,0.480229065448321,-0.4227233913418056,-0.31908452879586297,0.4151579464326548,-0.4156580317482134,-0.3048410486673643,0.44093335783378873,-0.41013577406395435,-0.3278917066591466,0.4038536107218842,-0.3990096502886636,-0.3217331941076446,0.4089756943957731,-0.45812596154021806,-0.31465501276227636,0.4184500427384709,-0.45368667315993666
  ],
  "normals": [
    -0.7916095441423076,0.8081117939852499,-0.13065553538967944,-0.8168161933688919,0.7713101037821024,-0.1306370162234369,-0.7841079976852889,0.7873281978737381,-0.2142640620327603,-0.8246165036969355,0.7923400699648624,-0.051648571282811716,-0.8586561753912159,0.7317839690659467,-0.09515989180823264,-0.8594282804658867,0.7380312300236187,-0.056115391116324555,-0.8690375950674242,0.720719533160069,-0.06263001118147409,-0.8505444964737544,0.752770472601775,-0.05563323740287389,-0.859748733510731,0.7284312991103413,-0.10411808872079624,-0.8284616555653036,0.7785391874517439,-0.08471648258619284,-0.8529600315629131,0.73391886909345,-0.13518464990069157,-0.8354456316426467,0.7708594777794123,-0.07471778189561319,-0.7998645362894694,0.8281944130550157,-0.04506744622448686,-0.7906219855433954,0.8407782966143019,-0.0430206523236318
  ],
  "polygons": [
    0.0,2.0,1.0,1.0,3.0,0.0,4.0,6.0,5.0,5.0,7.0,4.0,4.0,8.0,6.0,9.0,11.0,10.0,4.0,9.0,10.0,8.0,4.0,10.0,9.0,13.0,12.0,12.0,11.0,9.0,0.0,3.0,12.0,12.0,13.0,0.0,1.0,2.0,7.0,7.0,5.0,1.0
  ],
  "uv": [
    0.296875,0.519531,0.296875,0.505859,0.296875,0.519531,0.292969,0.527344,0.308594,0.484375,0.300781,0.488281,0.306641,0.476563,0.302734,0.5,0.308594,0.46875,0.320313,0.527344,0.318359,0.503906,0.328125,0.537109,0.308594,0.533203,0.308594,0.523438
  ]
}