{
  "vertices": [
    0.3236372896492731,
    0.41524481446722,
    -0.45145395667720845,
    0.3058095714087237,
    0.4422363160990449,
    -0.46218565081163016,
    0.31777047987002677,
    0.4199310670850952,
    -0.49625009474083615,
    0.2974368288261955,
    0.4600359438180084,
    -0.42886888620710967,
    0.32776766217004644,
    0.41190841380440724,
    -0.41339621095499296,
    0.31777047987002677,
    0.4199310670850952,
    -0.49625009474083615
  ],
  "normals": [
    0.7342416184925571,
    0.8559140800935817,
    -0.032005204717912974,
    0.8440183278513999,
    0.762577350976615,
    -0.06260358443139019,
    0.6200686749085745,
    0.9559341075581347,
    -0.005251744748053641,
    0.8484148841032371,
    0.7558950285024989,
    -0.0587596362688428,
    0.8517896560448184,
    0.7517966156783952,
    -0.04671716788958029,
    0.3971422549905833,
    1.1467062725124981,
    0.04390342839956713
  ],
  "polygons": [
    0.0,
    2.0,
    1.0,
    0.0,
    1.0,
    3.0,
    0.0,
    3.0,
    4.0,
    0.0,
    5.0,
    2.0
  ],
  "uv": [
    0.4375,
    0.601563,
    0.484375,
    0.474609,
    0.59375,
    0.605469,
    0.375,
    0.365234,
    0.28125,
    0.597656,
    0.59375,
    0.605469,
    0.203125,
    0.505859,
    0.203125,
    0.519531,
    0.203125,
    0.519531,
    0.207031,
    0.527344,
    0.199219,
    0.488281,
    0.191406,
    0.484375,
    0.193359,
    0.476563,
    0.197266,
    0.5,
    0.191406,
    0.46875,
    0.181641,
    0.503906,
    0.179688,
    0.527344,
    0.171875,
    0.537109,
    0.191406,
    0.533203,
    0.191406,
    0.523438
  ]
}