{
  "vertices": [
    0.022946999771610185,0.40915150827825686,-0.9631607117850286,-0.010616492963239937,0.3759159314915016,-0.9695657957883305,0.022800926129770974,0.37574865754389997,-0.9694483965186518,-0.010470992502413623,0.409319784465074,-0.9632772943662227
  ],
  "normals": [
    0.004363831482508144,0.4149803703424696,-0.9827324994604357,0.004363831482508144,0.4149803703424696,-0.9827324994604357,0.004365415611316317,0.41497852599507423,-0.982732797652663,0.004362372930857544,0.4149812256335221,-0.9827321238219151
  ],
  "polygons": [
    0.0,2.0,1.0,1.0,3.0,0.0
  ],
  "uv": [
    0.0078125,0,0.575754,0.573592,0.0078125,0.573592,0.575754,0
  ]
}