{
  "vertices": [
    -0.2964824042148263,0.44526119978620304,-0.46429169453393604,-0.31465412739163867,0.41845018968663406,-0.4536862321099723,-0.30842889720823297,0.42307658280108645,-0.4984396105960058,-0.2881651595234997,0.462977263924996,-0.43091721574887065,-0.31908452879586297,0.4151579464326548,-0.4156580317482134,-0.30842889720823297,0.42307658280108645,-0.4984396105960058
  ],
  "normals": [
    -0.8381659873280015,0.7710293564525811,-0.0684859262986373,-0.707502826398079,0.3978027529719098,-0.08242394423817533,-0.5723477537169275,0.03121461364537434,-0.10017449368491724,-0.8426570137085929,0.7643910392466085,-0.06467295374146914,-0.8461558055680941,0.76032701367248,-0.05265406903211619,-0.3075216290497861,-0.7111754098500198,-0.14006889577708895
  ],
  "polygons": [
    0.0,2.0,1.0,3.0,0.0,1.0,4.0,3.0,1.0,2.0,5.0,1.0
  ],
  "uv": [
    0.484375,0.474609,0.4375,0.601563,0.59375,0.605469,0.375,0.365234,0.28125,0.597656,0.59375,0.605469
  ]
}