{
  "vertices": [
    0.30733006476571234,
    0.4371381643464271,
    -0.49053172755354685,
    0.31777060544718433,
    0.41993007802875243,
    -0.4962500172945433,
    0.31777060544718433,
    0.41993007802875243,
    -0.4962500172945433,
    0.3208487335986439,
    0.41298474093592763,
    -0.5244098194918285,
    0.29802519091520085,
    0.4555782257310148,
    -0.4611211618711478,
    0.2974374020072083,
    0.46003494157879266,
    -0.42886970289559445,
    0.2918841113611389,
    0.4691552621918716,
    -0.4370059554061133,
    0.3058096969858813,
    0.4422353270427021,
    -0.4621855733653373,
    0.28854419472744425,
    0.4773767029338938,
    -0.42073809669620954,
    0.31374509199977346,
    0.43782510476396247,
    -0.40797332929238267,
    0.32776778774720405,
    0.4119074247480644,
    -0.4133961335087001,
    0.33634426403161477,
    0.4005168231817591,
    -0.3966872154856613,
    0.33064977409621765,
    0.4056978612385057,
    -0.45584516117371077,
    0.3236365298557928,
    0.41524367846271415,
    -0.4514543202808799
  ],
  "normals": [
    0.8531918487457092,
    0.7494795727402431,
    -0.04471280323904163,
    0.8265036010428146,
    0.7898095727292777,
    -0.04251674485333714,
    0.8476104572949708,
    0.7587841267494099,
    -0.04359430640662619,
    0.830566992707235,
    0.7840232833703022,
    -0.045864036988141905,
    0.8648610374743837,
    0.7293666860039083,
    -0.05008635611827716,
    0.8638066385383609,
    0.7252807180876568,
    -0.08174499298203165,
    0.8678241698851911,
    0.7184060704669955,
    -0.08245418122853146,
    0.8561232116632468,
    0.7441952114361404,
    -0.04966647208681356,
    0.865420241438994,
    0.719765619158104,
    -0.09808373814426227,
    0.8631901957976584,
    0.7210485231790189,
    -0.11236580132542351,
    0.8345037583913396,
    0.7701846189772646,
    -0.07890095254884963,
    0.8413410490503572,
    0.7624345319120471,
    -0.06885373562446415,
    0.8061296760874594,
    0.820126165846352,
    -0.03945244971622769,
    0.7969993405488678,
    0.8328049336279165,
    -0.03746943320245545
  ],
  "polygons": [
    0.0,
    2.0,
    1.0,
    1.0,
    3.0,
    0.0,
    4.0,
    6.0,
    5.0,
    5.0,
    7.0,
    4.0,
    6.0,
    8.0,
    5.0,
    9.0,
    11.0,
    10.0,
    9.0,
    10.0,
    5.0,
    9.0,
    5.0,
    8.0,
    12.0,
    13.0,
    10.0,
    10.0,
    11.0,
    12.0,
    12.0,
    3.0,
    1.0,
    1.0,
    13.0,
    12.0,
    7.0,
    2.0,
    0.0,
    0.0,
    4.0,
    7.0
  ],
  "uv": [
    0.203125,
    0.505859,
    0.203125,
    0.519531,
    0.203125,
    0.519531,
    0.207031,
    0.527344,
    0.199219,
    0.488281,
    0.191406,
    0.484375,
    0.193359,
    0.476563,
    0.197266,
    0.5,
    0.191406,
    0.46875,
    0.181641,
    0.503906,
    0.179688,
    0.527344,
    0.171875,
    0.537109,
    0.191406,
    0.533203,
    0.191406,
    0.523438
  ]
}