{
  "vertices": [
    0.3950432057658358,0.18753588228069773,0.8660537062295497,0.37594541438883433,0.1754315947810211,0.8980168117364571,0.3739354473741456,0.19637507061391685,0.8991231727249126,0.4064248441461289,0.1996785133446447,0.8340634400439566,0.39135591386134905,0.19802070923740803,0.866597621755112,0.39336588087603774,0.17707723340451229,0.8654912607666566,0.40869507584485837,0.1787338385913993,0.832958769271804
  ],
  "normals": [
    0.8754148308210316,0.28989727797922393,0.4401782872744095,0.8605295100740447,0.17443172027245413,0.4931416234463343,0.8452916468991608,0.39284772818841096,0.49603092302585133,0.896830585701539,0.4121011502194748,0.3881898121332124,0.853641081081565,0.5073730507422108,0.4399791564602757,0.8841213834438345,0.06474280831796547,0.4363136677315047,0.9120730966295806,0.18788642091935737,0.3874136438244093
  ],
  "polygons": [
    0.0,2.0,1.0,3.0,4.0,0.0,0.0,4.0,2.0,1.0,5.0,0.0,0.0,6.0,3.0,0.0,5.0,6.0
  ],
  "uv": [
    0.5,0.869141,0.0839844,0.978516,0.0839844,0.761719,0.916016,0.761719,0.5,0.761719,0.5,0.978516,0.916016,0.978516
  ]
}