{
  "vertices": [
    -0.3975568862888197,
    0.19151791559740255,
    0.8632830372207383,
    -0.37659255788392026,
    0.20014606973839155,
    0.8964994729303515,
    -0.3788048657696517,
    0.17922356022270755,
    0.8953783681694824,
    -0.4085915225646192,
    0.2037734383496792,
    0.8312143721236497,
    -0.3937682764427587,
    0.201965607605967,
    0.8638523761957866,
    -0.39598059688620585,
    0.18104319699591725,
    0.8627312636902884,
    -0.41106401151586397,
    0.1828522291061156,
    0.8300927359112342
  ],
  "normals": [
    -0.8778277540378796,
    0.29870221789407875,
    0.4340489041873584,
    -0.8470635122812251,
    0.40134081136504507,
    0.49011441348175305,
    -0.864473193302348,
    0.1831023209848248,
    0.487109687413493,
    -0.8976505523799906,
    0.42110609849527714,
    0.3819176182579322,
    -0.8538712419964065,
    0.5159370284445532,
    0.4340111562573166,
    -0.8887675271728736,
    0.07366082896331463,
    0.43011550096528445,
    -0.9151381549254143,
    0.19706913259680414,
    0.38102617828253194
  ],
  "polygons": [
    0.0,
    2.0,
    1.0,
    3.0,
    0.0,
    4.0,
    0.0,
    1.0,
    4.0,
    2.0,
    0.0,
    5.0,
    0.0,
    3.0,
    6.0,
    0.0,
    6.0,
    5.0
  ],
  "uv": [
    0.5,
    0.869141,
    0.0839844,
    0.761719,
    0.0839844,
    0.978516,
    0.916016,
    0.761719,
    0.5,
    0.761719,
    0.5,
    0.978516,
    0.916016,
    0.978516
  ]
}