{
  "vertices": [
    0.06757149251948791,0.418771145662891,-0.9615912833595305,0.07075547066656265,0.40917116354187744,-0.9573271429496505,0.06772952337865833,0.41861188405151883,-0.9584454100329814,0.07076385627924801,0.4095030671639669,-0.9595064810755832,0.06470569530226368,0.4217692554087047,-0.9588257781142261,0.00630641139890049,0.42241329710503583,-0.9638923911710688,0.06453931041586387,0.42174487064559607,-0.9625602856390418,0.006290463257720178,0.422155048872742,-0.9597271734687982,0.006241782465039394,0.41052824539360844,-0.9625349325464311,0.006289765663856573,0.4194422355201539,-0.9634721900545267,-0.058316654799896575,0.4098198690523819,-0.9577775591252542,-0.05500736296023995,0.4193876231150965,-0.9620195132404457,-0.05518894224012039,0.4192296391995054,-0.9588747892386401,-0.058307821583356054,0.41015175949159843,-0.9599577913859644,-0.0521307899406567,0.4223561390017856,-0.9592330970666698,-0.051938993591631025,0.4223297418986218,-0.9629672133414322
  ],
  "normals": [
    0.4884524738171549,0.43598923515635835,-0.4206852578634056,0.9465244239612273,0.5489001331250312,0.011251057003860875,0.8375813738500917,0.7265712062088475,-0.016969011187547976,0.49139187169614057,0.29551953713820034,-0.46132848181287256,0.36127663377349567,1.0793264334850758,0.0043721056497394075,0.004201294640708505,0.8493462396276978,-0.3117161461669611,0.15878119233323487,0.4655174424617987,-0.5970495008176875,0.004798470568146287,1.2280654341578172,0.0619832105846787,0.0073926294164802855,0.04911457964771096,-0.980449998118867,0.0025407309872226298,0.05344048219120101,-0.9807695878189407,-0.9433089716897238,0.5584311752599264,0.004751633935751068,-0.48339838779265576,0.4408878814767772,-0.42405138419736116,-0.8324099814831049,0.7349605323788729,-0.022801648996118962,-0.4874514882398747,0.30047655318375815,-0.4646438760739973,-0.35274330912092966,1.0829161077725498,0.001879862372774075,-0.18441805892811966,0.5524542168418883,-0.4991060836055487
  ],
  "polygons": [
    0.0,2.0,1.0,1.0,3.0,0.0,4.0,6.0,5.0,5.0,7.0,4.0,8.0,9.0,0.0,0.0,3.0,8.0,0.0,6.0,4.0,4.0,2.0,0.0,9.0,5.0,6.0,6.0,0.0,9.0,10.0,12.0,11.0,11.0,13.0,10.0,5.0,15.0,14.0,14.0,7.0,5.0,11.0,9.0,8.0,8.0,13.0,11.0,14.0,15.0,11.0,11.0,12.0,14.0,15.0,5.0,9.0,9.0,11.0,15.0
  ],
  "uv": [
    0.0429688,0.777344,0.00585938,0.847656,0.0703125,0.783203,0.00585938,0.814453,0.0917969,0.742188,0.0585938,0,0.0566406,0.744141,0.0996094,0,0.00585938,0,0.0449219,0,0.00585938,0.847656,0.0429688,0.777344,0.0703125,0.783203,0.00585938,0.814453,0.0917969,0.742188,0.0566406,0.744141
  ]
}