{
  "vertices": [
    -0.604335,-0.202732,0.0500026,-0.811099,0.00658539,-0.0891641,-0.605544,0.0247775,0.0112658,-0.80989,-0.220924,-0.0504273
  ],
  "normals": [
    0.444695,-0.148042,-0.883363,0.444695,-0.148042,-0.883363,0.444695,-0.148042,-0.883363,0.444695,-0.148042,-0.883363
  ],
  "polygons": [
    0.0,2.0,1.0,1.0,3.0,0.0
  ],
  "uv": [
    0.0,1.0,0.0,1.0,0.0,0.0,0.0,0.0,0.0,1.0,1.0,0.0
  ]
}