{
  "vertices": [
    -0.535799,
    -0.301581,
    -0.59681,
    -0.335034,
    -0.0548261,
    -0.527978,
    -0.540589,
    -0.0730181,
    -0.628408,
    -0.330244,
    -0.283389,
    -0.49638
  ],
  "normals": [
    -0.444241,
    0.113548,
    0.888682,
    -0.444241,
    0.113548,
    0.888682,
    -0.444241,
    0.113548,
    0.888682,
    -0.444241,
    0.113548,
    0.888682
  ],
  "polygons": [
    0.0,
    2.0,
    1.0,
    1.0,
    3.0,
    0.0
  ],
  "uv": [
    0.0,
    1.0,
    0.0,
    1.0,
    0.0,
    0.0,
    0.0,
    0.0,
    0.0,
    1.0,
    1.0,
    0.0
  ]
}