{
  "vertices": [
    0.468071,-0.106924,0.579776,0.261307,0.102393,0.440609,0.466862,0.120585,0.541039,0.262516,-0.125116,0.479346
  ],
  "normals": [
    0.444695,-0.148042,-0.883363,0.444695,-0.148042,-0.883363,0.444695,-0.148042,-0.883363,0.444695,-0.148042,-0.883363
  ],
  "polygons": [
    0.0,2.0,1.0,1.0,3.0,0.0
  ],
  "uv": [
    0.0,1.0,0.0,1.0,0.0,0.0,0.0,0.0,0.0,1.0,1.0,0.0
  ]
}