{
  "vertices": [
    0.746879,-0.18897,0.0239876,0.536534,0.0214011,-0.10804,0.742089,0.0395931,-0.00761056,0.541324,-0.207162,-0.0764422
  ],
  "normals": [
    -0.444241,0.113548,0.888682,-0.444241,0.113548,0.888682,-0.444241,0.113548,0.888682,-0.444241,0.113548,0.888682
  ],
  "polygons": [
    2.0,0.0,1.0,3.0,1.0,0.0
  ],
  "uv": [
    0.0,1.0,0.0,1.0,0.0,0.0,0.0,0.0,0.0,1.0,1.0,0.0
  ]
}