{
  "vertices": [
    -0.26898566058187967,0.5086878701625419,-0.19318010287840517,-0.3122656394622045,0.4342044487448241,-0.22280480889617538,-0.2666446895943665,0.5112304730198491,-0.2407898058388904,-0.27294085224915177,0.5031337834485506,-0.15439997638443143,-0.27779610583607967,0.49586883174268426,-0.12158675466013175,-0.28315892453544655,0.4875698948199102,-0.09444108701390246,-0.2902288960652604,0.47648555323800623,-0.06340295087860441,-0.29855642834189566,0.46326117751386664,-0.03245124158011195,-0.33003342866574054,0.4115176358923964,0.026447822798873356,-0.31188437478052805,0.441913611347866,0.011111074767359454,-0.2705976288472721,0.5008073177600174,-0.3634256169696213,-0.3029618669380947,0.4451555565076212,-0.3840530526877815,-0.27564206302148625,0.491210465399189,-0.3971827136105719,-0.267307969287447,0.5075514070623766,-0.3253065786755843,-0.26603666703539125,0.5108818480391704,-0.2865784854681462,-0.33773661255135007,0.39115657416515914,-0.2141820720362533,-0.34939877345536585,0.37907682046972113,0.042601606903250946,-0.3328017149411828,0.39626624518227593,-0.32281164710066196,-0.3296078441084128,0.40023343608504225,-0.37127493379734194
  ],
  "normals": [
    -0.861875709889206,0.7368892286152942,-0.015302107788451341,-0.8618752622853508,0.7368892154324213,-0.015303001923228981,-0.8618752622853508,0.7368892154324213,-0.015303001923228981,-0.8618752622853508,0.7368892154324213,-0.015303001923228981,-0.8618752622853508,0.7368892154324213,-0.015303001923228981,-0.861875709889206,0.7368892286152942,-0.015302107788451341,-0.8618752622853508,0.7368892154324213,-0.015303001923228981,-0.8618752622853508,0.7368892154324213,-0.015303001923228981,-0.8618760220788311,0.7368880794279155,-0.015303365526900512,-0.8618760220788311,0.7368880794279155,-0.015303365526900512,-0.8618760220788311,0.7368880794279155,-0.015303365526900512,-0.8618752622853508,0.7368892154324213,-0.015303001923228981,-0.8618757000521333,0.7368890553013854,-0.015304337107971095,-0.861875709889206,0.7368892286152942,-0.015302107788451341,-0.8618752622853508,0.7368892154324213,-0.015303001923228981,-0.8618764696826864,0.7368880926107881,-0.015302471392122865,-0.8618764696826864,0.7368880926107881,-0.015302471392122865,-0.861875709889206,0.7368892286152942,-0.015302107788451341,-0.861875709889206,0.7368892286152942,-0.015302107788451341
  ],
  "polygons": [
    0.0,2.0,1.0,3.0,0.0,1.0,4.0,3.0,1.0,5.0,4.0,1.0,6.0,5.0,1.0,7.0,6.0,1.0,8.0,9.0,7.0,8.0,7.0,1.0,10.0,12.0,11.0,13.0,10.0,11.0,1.0,2.0,14.0,1.0,14.0,13.0,1.0,13.0,11.0,8.0,1.0,15.0,15.0,16.0,8.0,11.0,18.0,17.0,1.0,11.0,17.0,15.0,1.0,17.0
  ],
  "uv": [
    0.546875,0.300781,0.599609,0.556641,0.652344,0.300781,0.458984,0.314453,0.386719,0.332031,0.326172,0.355469,0.255859,0.386719,0.185547,0.425781,0.046875,0.587891,0.0859375,0.490234,0.919922,0.355469,0.955078,0.542969,0.992188,0.392578,0.837891,0.326172,0.751953,0.308594,0.572266,0.693359,0.00585938,0.693359,0.8125,0.695313,0.919922,0.689453
  ]
}