{
  "vertices": [
    0.31977666548162686,0.4310209111504486,-0.2205939111680784,0.27704128946656936,0.5059361429935629,-0.19127072229401382,0.2750586761766471,0.5085009413558559,-0.23889467991938762,0.28066914410083693,0.5003439672159524,-0.15246386282529456,0.28522151998725104,0.49303245358849423,-0.11961753083427476,0.29031031643776345,0.4846802751667163,-0.09243497265267525,0.29705134188051974,0.4735272575138396,-0.06134867729258561,0.3050287891068142,0.4602199387825418,-0.030339744951478835,0.33557237383543354,0.40816414963866743,0.028776254613225603,0.31783687998516263,0.4387410862237176,0.013313745342061912,0.3117116867616344,0.44205910980358654,-0.38190340761122016,0.2797642919858935,0.49803397763773694,-0.36150009278268397,0.2849484562659623,0.48838673939148325,-0.39522249182156144,0.2762759603737323,0.5048123491132553,-0.32340600253624974,0.27476777187162277,0.5081561782475362,-0.28468717781024816,0.33781470524383284,0.39687246731579073,-0.3689405951155408,0.3447522089632317,0.38771879233151985,-0.21179546593100113,0.3406298121776786,0.3928741765865314,-0.32045600111708256,0.3544974664296455,0.3755316895440582,0.0450636581928095
  ],
  "normals": [
    0.8670108566040966,0.7282029718143943,-0.00925737894526139,0.8670108566040966,0.7282029718143943,-0.00925737894526139,0.8670108566040966,0.7282029718143943,-0.00925737894526139,0.8670108566040966,0.7282029718143943,-0.00925737894526139,0.8670108566040966,0.7282029718143943,-0.00925737894526139,0.8670108566040966,0.7282029718143943,-0.00925737894526139,0.8670108566040966,0.7282029718143943,-0.00925737894526139,0.8670109821812542,0.7282019827580516,-0.009257301498968518,0.8670108566040966,0.7282029718143943,-0.00925737894526139,0.8670114297851095,0.7282019695751787,-0.009258195633746158,0.8670108566040966,0.7282029718143943,-0.00925737894526139,0.8670108566040966,0.7282029718143943,-0.00925737894526139,0.8670108566040966,0.7282029718143943,-0.00925737894526139,0.8670108566040966,0.7282029718143943,-0.00925737894526139,0.8670102834230838,0.72820397405361,-0.009256562256776629,0.8670084481399607,0.7282077965136908,-0.00925641895713479,0.8670090213209735,0.7282067942744753,-0.009257235645619612,0.8670038922030762,0.7282152944856894,-0.009256573407815688,0.8670104090002414,0.7282029849972672,-0.009256484810483752
  ],
  "polygons": [
    0.0,2.0,1.0,0.0,1.0,3.0,0.0,3.0,4.0,0.0,4.0,5.0,0.0,5.0,6.0,0.0,6.0,7.0,7.0,9.0,8.0,0.0,7.0,8.0,10.0,12.0,11.0,10.0,11.0,13.0,14.0,2.0,0.0,13.0,14.0,0.0,10.0,13.0,0.0,15.0,10.0,0.0,15.0,0.0,16.0,15.0,16.0,17.0,16.0,0.0,8.0,8.0,18.0,16.0
  ],
  "uv": [
    0.599609,0.554688,0.546875,0.304688,0.652344,0.302734,0.458984,0.316406,0.386719,0.333984,0.326172,0.357422,0.255859,0.388672,0.185547,0.427734,0.046875,0.585938,0.0859375,0.490234,0.955078,0.541016,0.919922,0.355469,0.992188,0.392578,0.837891,0.328125,0.751953,0.310547,0.919922,0.685547,0.572266,0.689453,0.8125,0.691406,0.00585938,0.689453
  ]
}